{"cameraMode":{"drawMode":0,"name":"Shaded","section":"Shading Mode"},"sceneLighting":false,"audioPlay":false,"sceneViewState":{"showFog":true,"showMaterialUpdate":false,"showSkybox":true,"showFlares":true,"showImageEffects":true,"showParticleSystems":true,"showVisualEffectGraphs":true,"m_FxEnabled":true},"in2DMode":false,"pivot":{"x":507.8435363769531,"y":471.1534423828125,"z":-7.38343620300293},"rotation":{"x":-0.0038982180412858726,"y":-0.010221080854535103,"z":0.000025727878892212175,"w":-0.9999566078186035},"size":356.5471496582031,"orthographic":false}