{"cameraMode":{"drawMode":0,"name":"Shaded","section":"Shading Mode"},"sceneLighting":false,"audioPlay":false,"sceneViewState":{"showFog":true,"showMaterialUpdate":false,"showSkybox":false,"showFlares":true,"showImageEffects":true,"showParticleSystems":true,"showVisualEffectGraphs":true,"m_FxEnabled":true},"in2DMode":false,"pivot":{"x":11.532147407531739,"y":-0.36672818660736086,"z":-1.9658451080322266},"rotation":{"x":0.01824076846241951,"y":-0.9817000031471252,"z":0.1282433122396469,"w":0.13964201509952546},"size":2.666090965270996,"orthographic":false}