{"cameraMode":{"drawMode":0,"name":"Shaded","section":"Shading Mode"},"sceneLighting":false,"audioPlay":false,"sceneViewState":{"showFog":true,"showMaterialUpdate":false,"showSkybox":false,"showFlares":true,"showImageEffects":true,"showParticleSystems":true,"showVisualEffectGraphs":true,"m_FxEnabled":true},"in2DMode":false,"pivot":{"x":-39.31999206542969,"y":-6.012444496154785,"z":8.035038948059082},"rotation":{"x":-0.0038982180412858726,"y":-0.010221080854535103,"z":0.000025727878892212175,"w":-0.9999566078186035},"size":5.090539455413818,"orthographic":false}