{"cameraMode":{"drawMode":0,"name":"Shaded","section":"Shading Mode"},"sceneLighting":false,"audioPlay":false,"sceneViewState":{"showFog":true,"showMaterialUpdate":false,"showSkybox":false,"showFlares":true,"showImageEffects":true,"showParticleSystems":true,"showVisualEffectGraphs":true,"m_FxEnabled":true},"in2DMode":false,"pivot":{"x":-27.164066314697267,"y":565.1035766601563,"z":7.323973655700684},"rotation":{"x":0.09679317474365235,"y":-0.29115089774131777,"z":0.029624713584780694,"w":0.9513137340545654},"size":0.6351422071456909,"orthographic":false}