{"cameraMode":{"drawMode":0,"name":"Shaded","section":"Shading Mode"},"sceneLighting":false,"audioPlay":false,"sceneViewState":{"showFog":true,"showMaterialUpdate":false,"showSkybox":false,"showFlares":true,"showImageEffects":true,"showParticleSystems":true,"showVisualEffectGraphs":true,"m_FxEnabled":true},"in2DMode":false,"pivot":{"x":-15.936376571655274,"y":-0.5899461507797241,"z":-0.5668110847473145},"rotation":{"x":0.039846569299697879,"y":-0.04005993530154228,"z":0.0018994886195287109,"w":0.9985060095787048},"size":2.191235065460205,"orthographic":false}