{"cameraMode":{"drawMode":0,"name":"Shaded","section":"Shading Mode"},"sceneLighting":false,"audioPlay":false,"sceneViewState":{"showFog":true,"showMaterialUpdate":false,"showSkybox":false,"showFlares":true,"showImageEffects":true,"showParticleSystems":true,"showVisualEffectGraphs":true,"m_FxEnabled":true},"in2DMode":false,"pivot":{"x":2.502837657928467,"y":0.18027997016906739,"z":-2.357870101928711},"rotation":{"x":0.039846569299697879,"y":-0.04005993530154228,"z":0.0018994886195287109,"w":0.9985060095787048},"size":3.4865481853485109,"orthographic":false}