{"cameraMode":{"drawMode":0,"name":"Shaded","section":"Shading Mode"},"sceneLighting":false,"audioPlay":false,"sceneViewState":{"showFog":true,"showMaterialUpdate":false,"showSkybox":false,"showFlares":true,"showImageEffects":true,"showParticleSystems":true,"showVisualEffectGraphs":true,"m_FxEnabled":true},"in2DMode":false,"pivot":{"x":539.0238647460938,"y":302.8527526855469,"z":2.8387460708618166},"rotation":{"x":0.039846569299697879,"y":-0.04005993530154228,"z":0.0018994886195287109,"w":0.9985060095787048},"size":2.466747283935547,"orthographic":false}